Яремче/Яремча/.Апартаменти Мандри.	78500, Івано-Франківська обл., м.Яремче, вул.Курортна,1,	тел. +38067 3440681 , +3803434 22648 .			
?Яремче./Яремча/.Гостинний двір У Мар'яни і Назара	78500, Івано-Франківська обл., м. Яремче, вул. Підскельна,тел.(03434)21525,  тел.моб:+38(097)0466667.				
?Яремче./Яремча/.Котедж Панська хата.	78500, Івано-Франківська обл., м. Яремче, вул. Франка, 2, тел. моб. +38(050) 9401009 Лариса.				
?Яремче.Котеджі Біля водоспаду.Ціни 2016.	м.Яремче, вул.Петраша, 20, тел.моб. +38098 9428540 Надія.				
?Яремче.Прокат велосипедів та туристичного спорядження VELO-TUR.Ціни 2016.	Івано-Франківська обл., м.Яремче вул.Грушевського 1 а. (на території автомийки)		тел.(+38096)8258909 &nbsp	&nbsp	еmail : reklamajar@ukr.net
?Яремче Таксі(Таксі Макс).Ціни 2016.	78500, Івано-Франківська обл. м.Яремче,радіо таксі Макс, тел.моб. +38066 5122792,+38098 5113262,+38063 4610605, тел. +3803434 21133.				
?Яблуниця. Руська баня Беркут	78592, Івано-Франківська обл., Яремчанська міська рада, с.Яблуниця, Яблуницький перевал, тел.моб. (8097) 7484323 Тарас (8067), 9440497 Євдокія, (8067) 9282237 Дмитро.				
?Яблуниця.Ресторан Беркут.Відпочинок в Карпатах.	78592, Івано-Франківська обл., Яремчанська міська рада, с.Яблуниця, Яблуницький перевал,  тел.моб. (097) 7484323 Тарас (067), 9440497 Євдокія, (067) 9282237 Дмитро.				
?Колиба Високий перевал.Яблуниця	Івано-Франківська обл., Яремчанська міська рада,с.Яблуниця, участків «Горішків», тел. +38(067) 5551005.				
?Відпочинок в Карпатах.Яблуниця.База відпочинку Чотири сезони.	78592, Івано-Франківська обл., Яремчанська міська рада, с.Яблуниця, участок «Діл», тел. +38(03434) 36413, тел.моб. +38(067)3547083 Ольга Богданівна,+38(067)6722826 - представник в турагенстві,тел. +38(0352)430717.				
?Приватна садиба X-drive.Яблуниця.	78592, Івано-Франківська обл., Яремчанська міська рада, с.Яблуниця, тел. моб. (067) 9079451, Ілона, тел. дом. (03434) 36410.				
?Приватна садиба Царина.Яблуниця.	78593, Івано-Франківська обл., Яремчанська міська рада, с.Яблуниця, участок «Крамниця»,	тел. моб. +38(098) 9800880 , +38(067) 3435981,+38(098) 7758134,+38(050)4334400.			
?Яблуниця.Приватна садиба У вуйка Василя.	78592, Івано-Франківська обл., Яремчанська міська рада,с.Яблуниця, участок «Горішків»,	тел.моб. +38(098) 9420578 - Аня, +38(098) 9828737 - Василь.			
?Яблуниця.Приватна садиба На Толоці.	78592, Івано-Франківська обл., Яремчанська міська рада, с.Яблуниця, тел. +38(03475) 43608, тел. моб.+38(097) 5464868,+38(097) 5464867 Роман .				
?Яблуниця.Приватна садиба Гуцульська вишиванка.	78595, Івано-Франківська обл., Яремчанська міська рада, с.Яблуниця, участок «Діл» тел.моб. +38(067) 9380511 Марьяна, +38 (067) 8102168 Руслан, тел.дом. +38 (094) 9235198.				
?Яблуниця.Приватна садиба Гостинний Дім.Відпочинок в Карпатах.	78592, Івано-Франківська обл., Яремчанська міська рада, с.Яблуниця, участок «Горішків»,	тел.моб. +38068 4791381, +38099 2070560.			
?Яблуниця.Приватна садиба Віталія.	Івано-Франківська обл., Яремчанська міська рада, с.Яблуниця, участок «Довгий Грунь», тел.моб. +38096 7450629 Ярослав, +38096 9794755 Марія.				
?Яблуниця.Пансіонат Беркут.Відпочинок в Карпатах.	78592, Івано-Франківська обл., Яремчанська міська рада, с.Яблуниця, Яблуницький перевал,	тел.моб. +38(067)9440497 Євдокія, +38(067)9282237 Дмитро. тел. +38(03434) 36230, 36242, 36219,			
?Котедж У Яни.Яблуниця.	78592, Івано-Франківська обл., Яремчанська міська рада, с.Яблуниця, участок «Потоки»	тел. моб. +38(067) 7727953 Василь, +38(067) 3004120 Сніжана,+38(095) 0040717 Василь.			
?Котедж Стожари.Яблуниця.Відпочинок в Карпатах.	78593, Івано-Франківська обл., Яремчанська міська рада,				
?Відпочинок в Карпатах.Яблуниця.Котедж Соколине гніздо.	78592, Івано-Франківська обл., Яремчанська міська рада, с.Яблуниця, участок «Село»,	тел.моб. +38(050) 3731881 Олег Степанович, тел.дом. +38(0342) 554827 (після 21.00).			
?Котедж Славний Гуцул.Яблуниця.Відпочинок в Карпатах.	78593, Івано-Франківська обл., Яремчанська міська рада,с.Яблуниця, урочище «Село»,	тел.моб. +38096 1167275 - Галина Федорівна,+38097 8555274 - Анатолій.			
?Відпочинок в Карпатах.Яблуниця.Котеджі Прутець.	78592, Івано-Франківська обл., Яремчанська міська рада, с.Яблуниця, участок «Село»,	тел. +38(096) 9251343 Марія, +38(067) 3123616 Нуцу.			
?Котедж Краєвид.Яблуниця.	78592, Івано-Франківська обл., Яремчанська міська рада, с.Яблуниця, участок «Горішків»	тел. моб. +38(096) 8774307 Аня.			
?Яблуниця.Котеджі Гута.	78592, Івано-Франківська обл., Яремчанська міська рада, с. Яблуниця, урочеще Довгий грунь, тел. моб.(050) 8396246,(050) 8380036.&nbsp	&nbsp	&nbsp	http://karpaty-guta.com.ua	
?Котедж Горянка.Яблуниця.	78592, Івано-Франківська обл., Яремчанська міська рада, с.Яблуниця, участок «Великий Грунь»	тел. моб. +38 (099) 3060796 Зоя, +38 (050) 9047871.			
?Котедж Бaртка.Яблуниця.	78592, Івано-Франківська обл., Яремчанська міська рада, с.Яблуниця, Яблуницький перевал,	тел.моб.+38(097)7484323 Тарас			
?Гостинний двір Постоялий двір.Яблуниця.	78593, Івано-Франківська обл., Яремчанська міська рада, с.Яблуниця, участок «Горішків», тел. моб. +38(098) 4045078 Адміністратор, +38(097) 9047834, Ігор.				
?Відпочинок в Карпатах.Яблуниця.Гостинний двір У Щербанюків.	78592, Івано-Франківська обл., Яремчанська міська рада, с.Яблуниця, участок «Село», тел. +38(03434) 36210, тел.моб. +38(067) 2729135 Галина, +38(067) 5923064 Василь.				
?Яблуниця.Гостинний двір Тога.	78592, Івано-Франківська обл., Яремчанська міська рада, с.Яблуниця, участок «Горішків», тел.моб. +38 097 9047834 Ігор, +38 098 4045078.				
?Гостинний двір Діана.Яблуниця.Відпочинок в Карпатах.	78592, Івано-Франківська обл., Яремчанська міська рада, с.Яблуниця, участок «Село»,	тел. +38(03434) 36412, тел. моб. +38(067) 7432140 Марія, +38(067) 2760576 Василь.			
?Яблуниця.Гостинний двір Гостинний Перевал.Ціни 2016.	78592, Івано-Франківська обл., Яремчанська міська рада, с.Яблуниця, участок «Горішків»,	тел.моб. +38(067) 2700560 - Петро Петрович, +38(096) 2753574 Валентина Петрівна.			
?Гостинний двір Бaртка.Яблуниця.	Івано-Франківська обл., Яремчанська міська рада, с.Яблуниця, участок «Довгий Грунь», тел.моб. +38 097 7484323 Тарас, +38 099 9198333.				
?Готель Кісва.Яблуниця.Відпочинок в Карпатах.	78593, Івано-Франківська обл., Яремчанська міська рада, с.Яблуниця, участок «Горішків»,	тел. моб. +38(067)9289592, +38(093)9235254.			
?Яблуниця.Готель Hoch Land(Висока земля).	Івано-Франківська обл., Яремчанська міська рада, с.Яблуниця, участок «Горішків», тел.моб. +38 03434 66003, +38 068 7062383, +38 066 1085141,	+38 093 6076654,+38 068 6795822.			
?Вілла Парламент.Яблуниця.Відпочинок в Карпатах.	78592, Івано-Франківська обл., Яремчанська міська рада, с.Яблуниця, участок «Горішків», тел. моб. +38(097) 8390000, +38(067) 6768455   - Володимир.				
?Вілла Марія.Яблуниця.Відпочинок в Карпатах.	78592, Івано-Франківська обл., Яремчанська міська рада, с.Яблуниця, участок «Діл»,  тел.+38(03434) 36321, тел. моб. +38(097) 1836381 Богдан, +38(096) 6950163 Марія.				
?Відпочинковий комплекс Яблуницький перевал.Яблуниця.	78592, Івано-Франківська обл., Яремчанська міська рада, с. Яблуниця, урочеще Довгий грунь, тел. моб. +38(050) 4339344, Андрій.				
?Відпочинок в Карпатах.Яблуниця.База відпочинку Чотири сезони.	78592, Івано-Франківська обл., Яремчанська міська рада, с.Яблуниця, участок «Діл», тел. +38(03434) 36413, тел.моб. +38(067)3547083 Ольга Богданівна,+38(067)6722826 - представник в турагенстві,тел. +38(0352)430717.				
?Сауна Гуцулик.Татарів.Відпочинок в Карпатах.	Яремчанська міська рада, с.Татарів, вул. Курортна, 10, тел. моб. +38(067) 2926001, Тетьяна, тел. моб. +38(099) 2807900, Тетьяна.				
?Відпочинок в карпатах.Татарів.Колиба Гуцульський двір.	Івано-Франківська обл., Яремчанська міська рада, с.Татарів, вул.Незалежності, 453, тел.моб. +38(067) 900490.				
?Татарів.Приватна садиба Яна.	Івано-Франківська обл., Яремчанська міська рада, с.Татарів, вул.Незалежності, 5, тел. +38 03434 35269,  тел.моб. +38 098 7287728 Параскевія Іванівна.				
?Приватна садиба Чертіж.Татарів.Відпочинок в Карпатах.	78596 ,Івано-Франківська обл.,Яремчанська міська рада, с. Татарів ,вул. Бащенка 283.		тел.моб. +38(067) 8019757 , +38(050) 0822110 Андрій.		
?Татарів.Приватна садиба Юрта.	Івано-Франківська обл., Яремчанська міська рада, с.Татарів, вул.Незалежності, 711, тел.моб. +38096 4650490 Тетяна, +38099 3145629, +38097 2984562 Юрій.				
?Татарів.Приватна садиба Стара хата.	78596, Івано-Франківська обл., Яремчанська міська рада, с.Татарів, вул.Незалежності, 190, тел.моб. +38(098) 4781668 Галина, тел.дом. +38 03434 35254				
?Відпочинок в Карпатах.Татарів.Приватна садиба Прутець.	78596, Івано-Франківська обл., Яремчанська міська рада, с.Татарів, вул.Незалежності 346-а,	тел. моб. +38(067) 7446624 Лілія,+38(066)7538356,+38(03434) 35444 факс.			
?Татарів.Приватна садиба Лелеч.Ціни 2016.	78596, Івано-Франківська обл., Яремчанська міська рада, с.Татарів,вул. Шевченка, тел. +38(03434) 35393, тел.моб. +38(067) 3840404, +38(097)3123020 - Тетяна.				
?Приватна садиба Ністру.Татарів.Відпочинок в Карпатах.	78596, Івано-Франківська обл., Яремчанська міська рада, с.Татарів, вул.Ворохтянська 728,	тел. моб. +38(098) 0077693 ,+38(096) 3590177 , +(373)77945610.			
?Приватна садиба На гуцульській полонині.Татарів.Відпочинок в Карпатах.	78596, Івано-Франківська обл., Яремчанська міська рада, с.Татарів, урочище Женець 576,	тел.моб. +38094 9235392,+38050 3333787.&nbsp	&nbsp	Email:info@sadiba.net	
?Відпочинок в Карпатах.Татарів.Приватна садиба Карпатський креєвид.	78596, Івано-Франківська обл., Яремчанська міська рада, с.Татарів, вул.Незалежності 372 , тел.(803434) 35359, тел.моб. (8096) 4807585 Галина Степанівна.				
?Приватна садиба Зоряна.Татарів.	78596, Івано-Франківська обл., Яремчанська міська рада, с.Татарів, вул.Незалежності, 339,	тел.моб. +38(067) 9892395, +38(050) 5281235 Петро.email:az1201@ukr.net			
?Татарів.Приватна садиба Золото карпат.	78596, Івано-Франківська обл., Яремчанська міська рада, с.Татарів ,вул.Грушевського 148. тел. +38(03434) 35436, тел. моб. +38(067) 8966217 Наталія.				
?Приватна садиба Зима-Літо.Татарів.Відпочинок в Карпатах.	78596, Івано-Франківська обл., Яремчанська міська рада, с.Татарів, вул.Шевченка 1 ,	тел. +38(03434) 35242 тел.моб.+38(067) 2533060,+38(050) 1933934 Ігор.			
?Приватна садиба Гуцулик.Татарів.Відпочинок в Карпатах.	78596, Івано-Франківська обл., Яремчанська міська рада, с.Татарів, вул. Курортна, 10,	тел. моб. +38(067) 2926001, Тетьяна, тел. моб. +38(099) 2807900, Тетьяна.&nbsp	&nbsp	 email:tetyana_sulyatytska@rambler.ru	
?Татарів.Котеджі Білий камінь.Ціни 2016.	78596, Івано-Франківська обл., Яремчанська міська рада, с.Татарів, вул.Незалежності, 350,	тел.моб. +38(097) 8536665 Галина Юріївна, тел. (03434) 35278.			
?Відпочинок в Карпатах.Татарів.Котедж Файний.	78596, Івано-Франківська обл., Яремчанська міська рада, с.Татарів, вул.Незалежності 305, тел. моб. +38(067) 7446624 Лілія,+38(066)7538356.				
?Відпочинок в Карпатах.Татарів.Котеджі У Бажанів.	78596, Івано-Франківська обл., Яремчанська міська рада, с.Татарів, вул.Незалежності, тел.моб. +38(067) 9076298 Володимир.				
?Котедж Tower(Таввер).Татарів.Відпочинок в Карпатах.	Івано-Франківська обл., Яремчанська міська рада, с.Татарів, вул.Миру, 607, тел.моб. +38067 9062711 Альберт.				
?Котедж Стефані.Татарів.Відпочинок в Карпатах.	78596, Івано-Франківська обл., Яремчанська міська рада, с.Татарів, вул. Незалежності, 692	тел. моб. +38(097) 2635355,Марія тел. моб. +38(096) 3491919 Степан. тел +38(03434)35433			
?Котедж Зорецвіт.Татарів.Відпочинок в Карпатах.	78596, Івано-Франківська обл., Яремчанська міська рада, с.Татарів,вул.Курортна, тел.моб. +38(098) 5274171 Світлана.				
?Відпочинок в Карпатах.Татарів.Котедж Затишок під лісом.	78596, Івано-Франківська обл., Яремчанська міська рада, с. Татарів, вул. Миру, тел. моб. тел. моб. +38(097) 8565050, Світлана, тел. моб. +38(096) 9125868 Галина.				
?Відпочинок в Карпатах.Татарів.Котедж Желіховський.	78596, Івано-Франківська обл., Яремчанська міська рада, с.Татарів, вул. Шевченка 680А,	тел. моб. +38(067) 8029477 Юрій,+38(095)6405747.тел. +38(03434)35226email:zhelsxovskij@mail.ru			
?Татарів.Котедж Дует.	Івано-Франківська обл., Яремчанська міська рада, с.Татарів, вул.Шевченка,  тел.моб. +38098 0118228.				
?Татарів.Котеджі Демянів двір.Ціни 2016.	78596, Івано-Франківська обл., Яремчанська міська рада, с.Татарів, вул.Вербівська 10,	тел.моб. +38096 6204021 Аня,+38067 8613521 Іван.			
?Відпочинок в Карпатах.Татарів.Садиба Вишенька.	78596, Івано-Франківська обл., Яремчанська міська рада, с.Татарів, вул.Незалежності, 178,	тел.моб.+38(067) 7369011 Юліан,+38(067) 7878819 Ліда,+38(063) 0591097			
?Татарів.Котедж Богданна.	78590, Івано-Франківська обл., Яремчанська міська рада, с.Татарів, вул.Курортна, тел.моб. +38 096 9854709 Богдана,+38 098 5573443 Богдана.				
?Гостинний двір Рута.Татарів.Відпочинок в Карпатах.	Івано-Франківська обл., Яремчанська міська рада, с.Татарів, вул..Шевченка, тел.моб.+38 067 5015967, +38099 5423113 - Василь Петрович, +38 068 5807520 - Мирослава				
?Гостинний двір Гуцульський двір.Татарів.	78596, Івано-Франківська обл., Яремчанська міська рада, с.Татарів, вул.Незалежності, 453,	тел.моб. +38(097) 2640159, тел. +38(03434) 35207.			
?Татарів.Гостинний двір Бай.Ціни 2016.	78596, Івано-Франківська обл., Яремчанська міська рада, с.Татарів, Шевченка,	тел.моб. +38096 2267414 Тетяна, +38097 5776396 Ігор.			
?Татарів.Гостинний двір Анастасія.Ціни 2016.	78596, Івано-Франківська обл., Яремчанська міська рада, с.Татарів, вул. Незалежності, 600 тел. моб.	+38(097) 7715022 Наталія, тел. моб. +38(099) 5415231. &nbsp	&nbsp		
?Готель Коренюки.Татарів.	Івано-Франківська обл., Яремчанська міська рада, с.Татарів, вул.Шевченка 680,	тел.моб. +38066 1183314,+38096 4335017.			
?Татарів.Міні-готель Ашер.Ціни 2016.	78596, Івано-Франківська обл., Яремчанська міська рада, с.Татарів, ур Піги,	тел.моб. +38050 3220177,+38067 9033652			
?Татарів.Котедж Вілла Ясна.Ціни 2016.	78596, Івано-Франківська обл., Яремчанська міська рада, с.Татарів, вул.Шевченка, тел. +38(03434) 35242 тел.моб.+38(067) 2533060 Ігор.				
?Вілла Provans(Прованс).Татарів.Відпочинок в Карпатах.	78596, Івано-Франківська обл., Яремчанська міська рада, с.Татарів, вул.Шевченка,	тел.моб. +38(050)3383147  , +38(050) 6888844 , +38(067)4552189 - Адміністратор.			
?Татарів.Вілла Арніка.Ціни 2016.	78596, Івано-Франківська обл., Яремчанська міська рада, с.Татарів, вул.Шевченка 3, тел.моб.+38(097) 5180604, +38(098) 1111628, +38(099) 9302582.&nbsp	&nbsp			
?Апартаменти Кришталеве джерело.Татарів.	78596, Івано-Франківська обл., Яремчанська міська рада, с.Татарів, вул..Шевченко, тел.моб. +38(067) 2533060 Ігор, +38(050) 1933934.				
?Готельний комплекс Лаванда Country Club.Татарів.	Івано-Франківська обл., Яремчанська міська рада, с.Татарів, вул.Незалежності, 42, тел.. +38 050 4330050 - бронювання, +38 095 1370599, +38 096 1245866 - рецепція.				
?Відпочинковий комплекс Дикий мед.Татарів.Відпочинок в Карпатах.	78500, Івано-Франківська обл., с. Татарів урочеще «Женець»  тел.моб. +38095 1371635, +38099 0617771, +38098 0310001  адміністратор				
?Відпочинок в Карпатах.Татарів.Котедж Файний.	78596, Івано-Франківська обл., Яремчанська міська рада, с.Татарів, вул.Незалежності 305, тел. моб. +38(067) 7446624 Лілія,+38(066)7538356.				
?Поляниця.Буковель. Сауна на дровах з басейном Марілен	Яремчанська міська рада, с.Поляниця, вул.Центральна, тел.моб. (8067) 7472588, (8097) 4644174.				
?Поляниця.Буковель. Сауна на дровах з басейном Корона.	Яремчанська міська рада, с.Поляниця,вул.Тернопільська 3-а, тел.моб. (8050) 9803680.				
?Ресторан Зоряне сяйво.Поляниця/Буковель/.Відпочинок в Карпатах.	Яремчанська міська рада, с.Поляниця,тел.моб. (8097) 1754954  Юрій, (8097) 8530341 Мар’яна.				
?Ресторан Довбушанка.Поляниця/Буковель/.Відпочинок в Карпатах.	с.Поляниця, урочище «Вишня»,	тел.моб. +38(067) 3441555			
?Ресторан Гуцульська світлиця.Поляниця/Буковель/.Відпочинок в Карпатах.	с.Поляниця, вул.Центральна , тел. (803434) 37234, (8097) 9611450.				
?Приватна садиба Ялина.Поляниця/Буковель/.Відпочинок в Карпатах.	78593, Івано-Франківська обл., Яремчанська міська рада, с.Поляниця, участок «Центр» вул. Карпатська 88 А,	тел.моб. +38(067) 4276518 - Оксана. +38(066)8588684			
?Приватна садиба Юліта.Поляниця/Буковель/.Відпочинок в Карпатах.	78593, Івано-Франківська обл., Яремчанська міська рада, с.Поляниця,	тел.моб. +38(067) 3521054 Олександр			
?Приватна садиба У Світлани.Поляниця/Буковель/.Відпочинок в Карпатах.	78593, Івано-Франківська обл., Яремчанська міська рада, с.Поляниця, участок «Чурів» вул. Чурів,	тел. +38(097) 7018274 - Світлана,тел.моб. +38(096) 8570308 - Вячеслав.			
?Приватна сдиба У Процихи.Поляниця/Буковель/.Відпочинок в Карпатах.	78593, Івано-Франківська обл., Яремчанська міська рада, с.Поляниця, урочище «Вишня» ,	тел.моб.+38(097)9883905 Василина,+38(097)0267680,+38(066)8272800, тел. +38(03434)37253 Василина.			
?Приватна садиба Три сестри.Поляниця/Буковель/.Відпочинок в Карпатах.	78593, Івано-Франківська обл., Яремчанська міська рада, с.Поляниця,	тел.моб. +38(067)6031475 Тарас,+38(099)9045856 Володимир.			
?Приватна садиба Сніжинка.Поляниця/Буковель/.Відпочинок в Карпатах.	78593, Івано-Франківська обл., Яремчанська міська рада, с. Поляниця, урочеще «Стаїщі»,	тел. моб. +38(067) 4221708, Іванка.+38(050)7264441.			
?Приватна садиба Смерічка.Поляниця/Буковель/.	78593, Івано-Франківська обл., Яремчанська міська рада, с.Поляниця, ур.Вишня, тел.моб. +38096 2192862 Ірина.				
?Приватна сaдиба Сегельба.Поляниця/Буковель/.Відпочинок в Карпатах.	78593, Івано-Франківська обл., Яремчанська міська рада, с. Поляниця, урочеще «Прохідний», тел. моб. +38097 7290726 Марія.				
?Приватна садиба Рандеву.Поляниця/Буковель/.Відпочинок в Карпатах.	78593, Івано-Франківська обл., Яремчанська міська рада, с. Поляниця, урочеще «Стаїще»,	тел. моб. +38(067)4962536, +38(096) 0968162.			
?Поляниця(Буковель).Приватна садиба Прилучанка.Ціни 2016.	78593, Івано-Франківська обл., Яремчанська міська рада, с.Поляниця, участок Прелуки,	тел.моб. +38096 9552859 -Василь, +38098 3214445 Галина.			
?Приватна садиба Катруся.Поляниця/Буковель/.Відпочинок в Карпатах.	78593, Івано-Франківська обл., Яремчанська міська рада, с. Поляниця, урочеще Вишні, тел. моб. (067) 3987229, Марія Іванівна.				
?Приватна садиба Eros.Поляниця/Буковель/.	78500, Івано-Франківська обл., Яремчанська міська рада, с Поляниця, участок Стаїщі.	тел.моб +38066 2031444,+38098 0724434,+37525 9709354,+48787 984046.			
?Приватна садиба Зелений бір.Поляниця/Буковель/.	78593, Івано-Франківська обл., Яремчанська міська рада, с.Поляниця, ур.Вишня, тел.моб. +38096 4543179 Василь,+38067 4214920 Павло.				
?Приватна садиба Довбушанка.Поляниця/Буковель/.Відпочинок в Карпатах.	78593, Івано-Франківська обл., Яремчанська міська рада, с.Поляниця, урочище «Вишня» ,	тел. моб. +38(067) 3441555 рецепція.			
?Приватна садиба Горянка.Поляниця/Буковель/.Відпочинок в Карпатах.	78593, Івано-Франківська обл., Яремчанська міська рада, с.Поляниця, участок «Стащі» 138,	тел.моб. +38(097) 9462375 Марія, тел. +38(03434) 37237.			
?Гостинний двір Гуцулія.Поляниця/Буковель/.Відпочинок в Карпатах.	78593, Івано-Франківська обл., Яремчанська міська рада, с.Поляниця, участок «Прелуки» ,Рецепція -	тел. моб. Київстар- +38(097) 5722825 ,МТС(UMS)- +38(066)0898727 Надія	&nbsp	 +38(067) 3721921 Андрій.	
?Приватна садиба Гірський краєвид.Поляниця/Буковель/.Відпочинок в Карпатах.	78593, Івано-Франківська обл., Яремчанська міська рада, с.Поляниця, участок «Вишня» ,	тел.моб. +38(067) 7880901 - Уляна, +38(067) 4775294 - Дмитро.			
?Приватна садиба Вікторія.Поляниця/Буковель/.Відпочинок в Карпатах.	78593, Івано-Франківська обл., Яремчанська міська рада, с. Поляниця, урочеще Прелуки,	тел. моб. +38(067) 5801296, Уляна, тел. моб. +38(096) 2735720 Василь.			
?Котедж Фляшка.Поляниця/Буковель/.Відпочинок в Карпатах.	78593, Івано-Франківська обл., Яремчанська міська рада, с.Поляниця, тел.моб.	+38(067) 8832343 Анна, +38(096) 5375880  Василь.			
?Поляниця(Буковель).Котеджі У Руслана.Ціни 2016.	78771,Івано-Франківська обл..,Яремчанська міська рада, с. Поляниця  участок «Прелуки».	тел.моб.+38097 2604612  Ігор, +38096 2090830 Люба, тел. (03434) 37-3-20.			
?Котедж У Кравецьких.Поляниця/Буковель/.Відпочинок в Карпатах.	78593, Івано-Франківська обл., Яремчанська міська рада, с.Поляниця, урочище Прохідне,	тел.моб.+380679480641, +380958823955 - Генадій			
?Котедж Сокирка.Поляниця/Буковель/.Відпочинок в Карпатах.	78593, Івано-Франківська обл., Яремчанська міська рада, с.Поляниця, тел.моб. +38(097) 7879873 - Василь, +38(097) 9489785 - Марія.				
?Гостинні котеджі SVI.Поляниця/Буковель/.	78593, Івано-Франківська обл., Яремчанська міська рада, с.Поляниця, центр,вул.Грунь, тел.моб. +38(097)4987290 Уляна, +38(097)3490769 Василь.				
?Котедж Росіш.Поляниця/Буковель/.	78500, Івано-Франківська обл., Яремчанська міська рада, с Поляниця, участок Росіш.	тел.моб +38096 7829517 Марія,+38097 8681811 Роман.			
?Котедж Роксолана.Поляниця/Буковель/.Відпочинок в Карпатах.	78593, Івано-Франківська обл., Яремчанська міська рада, с.Поляниця, урочище Чурів, тел.моб. +38(096) 8132657 Мар’яна, +38(097) 8423861 Василь.				
?Котедж Підгір'я.Поляниця/Буковель/.Відпочинок в Карпатах.	78593, Івано-Франківська обл., Яремчанська міська рада, с.Поляниця, урочище «Вишня» , тел. моб. +38096 2732268 Марта, +38097 8393495 Михайло.				
?Котедж Опришок.Поляниця/Буковель/.Відпочинок в Карпатах.	78593, Івано-Франківська обл., Яремчанська міська рада, с.Поляниця, вул.Центральна,	тел.моб.+38(097) 2321322, Галина.			
?Котедж Еко Хаус.Поляниця/Буковель/.	78593, Івано-Франківська обл., Яремчанська міська рада, с.Поляниця,	тел.моб.  +38096 9200009	 +38099 6220009  Віктор  e-mail: CLK600@bigmir.net		
?Котеджі Затишок над Прутом.Поляниця/Буковель/.Відпочинок в Карпатах.	78593, Івано-Франківська обл., Яремчанська міська рада, с.Поляниця, участок «Росіш» 61,	тел.моб. +38(067)3693115 - Василь Васильович, +38(098)8016807 - Тетяна Василівна.			
?Котеджі Дует.Поляниця/Буковель/.Відпочинок в Карпатах.	"78593, Івано-Франківська обл., Яремчанська міська рада, с.Поляниця, участок ""Росіш"", тел.моб. +38098 8544055, +38067 9161549.."				
?Котедж Добра Оселя.Поляниця/Буковель/.	78593, Івано-Франківська обл., Яремчанська міська рада, с.Поляниця, участок «Росіш»,	тел. +38 096 3543209 Ульяна, +38 096 7576165 Ульяна, +38 067 2659302 Ігор.			
?Котедж Дімон.Поляниця/Буковель/.Відпочинок в Карпатах.	78593, Івано-Франківська обл., Яремчанська міська рада, с.Поляниця, центр, тел.моб. +38(098) 0713633 Оксана.				
?Котедж Греку.Поляниця/Буковель/.Відпочинок в Карпатах.	78593, Івано-Франківська обл., Яремчанська міська рада, с. Поляниця, вул. Карпатська,				
?Котедж Гладіолус.Поляниця/Буковель/.Відпочинок в Карпатах.	78593, Івано-Франківська обл., Яремчанська міська рада, с.Поляниця, тел.моб. +38(096) 9365859 Мирослава, +38(097)6275167  Іван.				
?Котеджі Веселі горяни.Поляниця/Буковель/.Відпочинок в Карпатах.	78771,Івано-Франківська обл..,Яремчанська міська рада, с. Поляниця  участок «Прелуки».	тел.моб:+38(098)2386850,+38(096) 8659591.			
?Котедж Буков'єла.Поляниця/Буковель/.Відпочинок в Карпатах.	78593, Івано-Франківська обл., Яремчанська міська рада, с. Поляниця, участок «Стаїщі»,	тел. дом. +38(03434) 37210, тел. моб. +38(097) 7006078 Марія.			
?Котедж Аннабель.Поляниця/Буковель/.Відпочинок в Карпатах.	78593, Івано-Франківська обл., Яремчанська міська рада, с. Поляниця, участок «Центр»,	тел.моб.+3867 7466468,+38098 7774947.			
?Котедж Буковинський затишок.Поляниця/Буковель/.	78593, Івано-Франківська обл., Яремчанська міська рада, с.Поляниця, центр Буковелю, тел.моб. +38(050)3380898, +38(067)3724715.				
?Котедж Аsgard(Азгард).Поляниця/Буковель/.	78500, Івано-Франківська обл., Яремчанська міська рада, с Поляниця, урочище Вишня.	тел.моб +38097 1502917 Михайло,+38095 7061095.			
?Готель Чарда.Поляниця/Буковель/.Відпочинок в Карпатах.	78593, Івано-Франківська обл., Яремчанська міська рада, с.Поляниця,участок Стаїще 280,	тел.моб. +38(050) 6771632, +38(067) 5918164. &nbsp	Email:&nbsp	charda_hotel@i.ua	
?Міні-готель Садиба Предків.Поляниця/Буковель/.	78593, Івано-Франківська обл., Яремчанська міська рада, с.Поляниця, урочище «Вишня», 257, тел.моб. +38 068 9685251, +38 095 5575051.				
?Міні-готель Прелуки.Поляниця/Буковель/.Відпочинок в Карпатах.	78593, Івано-Франківська обл., Яремчанська міська рада, с.Поляниця, урочище Прелуки,	тел.моб. +38(067) 9217175 Володимир Миколайович, +38(099)6316996.			
?Готель PolyanytSki(Поляницький).Поляниця/Буковель/.	78593, Івано-Франківська обл., Яремчанська міська рада, с.Поляниця, Центр, тел.моб. +38050 0494949,+38068 0494949.				
?Готель Під Стріхою.Поляниця/Буковель/.	78593, Івано-Франківська обл., Яремчанська міська рада, с.Поляниця, урочище «Вишня», тел.моб. +38 067 9773613 Наталія.				
?Готель Новий.Поляниця/Буковель/.Відпочинок в Карпатах.	78593, Івано-Франківська обл., Яремчанська міська рада, с.Поляниця,	тел.моб. +38(097) 5455815 Лариса.			
?Готель Carparosa(Карпароса).Поляниця/Буковель/.	78593, Івано-Франківська обл., Яремчанська міська рада, с.Поляниця, ур.Чурів 320,	тел.моб. +38050 7104949,+38096 7104949,+38073 1077768.			
?Готель Гуцулія.Поляниця/Буковель/.	78593, Івано-Франківська обл., Яремчанська міська рада, с.Поляниця, урочище «Прелуки», 47-а, тел. +38 097 5722825, +38 066 0898727 Надія, +38 0673721921 Андрій.				
?Готель Hotel Plus(Готель плюс).Поляниця/Буковель/.	78593, Івано-Франківська обл., Яремчанська міська рада, с.Поляниця, уч.Стаїще, 273,	тел.моб.+38067 3810440. &nbsp	&nbsp	email:hotelplus@ukr.net	
?Готель Горний кристал.Поляниця/Буковель/.	Івано-Франківська обл., Яремчанська міська рада, с.Поляниця, урочище Вишня, 281,	тел.моб.+38 098 7779000 рецепція, тел.+38 03425 95160,+38 03425 95161.			
?Готель GasthauS.Поляниця/Буковель/.	78593, Івано-Франківська обл., Яремчанська міська рада, с.Поляниця, Урочище вишня 302, тел.моб. +38068 5500055,+38066 5550055.				
?Готель Альтаір.Поляниця/Буковель/.	78593, Івано-Франківська обл., Яремчанська міська рада, с.Поляниця, уч.Стаїще, 273,	тел.моб. +38095 9398478,+38097 1528737 рецепція.			
?Готель Alpin(Альпін).Поляниця/Буковель/.	Івано-Франківська обл., Яремчанська міська рада, с.Поляниця, вул.Вишнева, тел.моб. +38 098 2999599 Юрій.				
?Гостинний двір У Наташі.Поляниця/Буковель/.Відпочинок в Карпатах.	78593, Івано-Франківська обл., Яремчанська міська рада, с.Поляниця, ур.Вишня, 196, тел.моб.+38050 2414274 адміністратор, +38096 3449204 Наталія.				
?Гостинний двір Марілен 2.Поляниця/Буковель/.Відпочинок в Карпатах.	78593, Івано-Франківська обл., Яремчанська міська рада, с.Поляниця, вул.Центральна, тел. моб. +38(067) 7472588 Марія,Олена.				
?Гостинний двір Марілен.Поляниця/Буковель/.Відпочинок в Карпатах.	78593, Івано-Франківська обл., Яремчанська міська рада, с.Поляниця,вул.Центральна ,	тел. моб. +38(067) 7472588 Марія,Олена.			
?Гостинний двір Легенда Карпат.Поляниця/Буковель/.Відпочинок в Карпатах.	78593, Івано-Франківська обл., Яремчанська міська рада, с.Поляниця, участок «Прохідний», вул.Карпатська, буд.9.	тел.моб. +38(095) 4197705,&nbsp	&nbsp	  +38(067) 6088677 - Віктор, +38(093) 9553593 - Тетяна.	
?Гостинний двір Зоряне сяйво.Поляниця/Буковель/.Відпочинок в Карпатах.	78593, Івано-Франківська обл., Яремчанська міська рада, с.Поляниця,	тел.моб. +38(097) 8530341 Мар’яна.			
?Гостинний двір Гуцульська світлиця.Поляниця/Буковель/.Відпочинок в Карпатах.	78593, Івано-Франківська обл., Яремчанська міська рада, с.Поляниця, участок «Центральна» ,  тел.моб.+38(097) 8411481,+38(067) 3426930, +38(098) 9068660 .				
?Гостинний двір Гетьманська булава.Поляниця/Буковель/.	78593, Івано-Франківська обл., Яремчанська міська рада, с.Поляниця, вул.Карпатська, тел.моб. +38097 9611450.				
?Гостинний двір БугельШтрассе(BugelStrasse).Поляниця/Буковель/.	78500, Івано-Франківська обл., Яремчанська міська рада, с Поляниця, участок Стаїщі 234.	Тел.моб +38(099)0009800.			
?Villa Ла Крэчуну.Поляниця/Буковель/.Відпочинок в Карпатах.	78593, Івано-Франківська обл., Яремчанська міська рада, с. Поляниця, участок «Стаїщі»,	тел. моб.+38068 4963131 Марія,  +38097 1448040 Юрій.			
?Вілла Лоіза.Поляниця/Буковель/.	78593, Івано-Франківська обл., Яремчанська міська рада, с.Поляниця, ур.Стаїще,	тел.моб. +38067 9110589 Юрій, +38097 7915012 Ніца.			
?Вілла Leku(Леку).Поляниця/Буковель/.	78593, Івано-Франківська обл., Яремчанська міська рада, с.Поляниця, ур.Стаїще,	тел.моб. +38096 4332886 Олена, +38097 7776282 Юра.			
?Villa Nikoletta(Ніколетта).Поляниця/Буковель/.Відпочинок в Карпатах.	78593, Івано-Франківська обл., Яремчанська міська рада, с. Поляниця, участок «Стаїщі», тел. моб. +38(067) 2730103 , +38(067) 3678880, +38(097) 5658252, +38(067) 9059398. +38(03434) 37351.				
?Villa Milli & Jon.(Міллі і Джон).Поляниця/Буковель/.Відпочинок в Карпатах.	78593, Івано-Франківська обл., Яремчанська міська рада, с. Поляниця, участок «Стаїщі»,  тел.моб.+38(096) 2438004 , +38(096) 8929749, +38(097) 5658252, +38(097) 6771960. +38(096) 7843898.				
?Villa Єлена.Поляниця/Буковель/.Відпочинок в Карпатах.	78593, Івано-Франківська обл., Яремчанська міська рада, с. Поляниця, урочище «Вишня»,	тел. моб. +38(067) 2199919 Діма, +38(096) 9281664 Єлена.			
?Вілла Vlad(Влад).Поляниця/Буковель/.	78593, Івано-Франківська обл., Яремчанська міська рада, с.Поляниця, ур.Стаїще,	тел.моб. +38097 9811953 – Іван, +38097 8113018 - Олена.			
?Bілла Viktoria(Вікторія).Поляниця/Буковель/.	78593, Івано-Франківська обл., Яремчанська міська рада, с.Поляниця, урочище «Вишня», 303, тел.моб. +38 098 7072888 Іван, +38 068 8851178 Наталія, +38 097 9211535 Іван.				
?Villa Blanc.Поляниця/Буковель/.	78593, Івано-Франківська обл., Яремчанська міська рада, с.Поляниця, урочище «Стаїще», 288, тел.моб. +38 067 4386408 Юлія.				
?Bілла Bellavista(Беллавіста).Поляниця/Буковель/.	78593, Івано-Франківська обл., Яремчанська міська рада, с.Поляниця, урочище «Стаїще», тел.моб. +38 097 0989080, +38 066 8819889.				
?Вілла Anet(Анет).Поляниця/Буковель/.	78593, Івано-Франківська обл., Яремчанська міська рада, с.Поляниця, ур.Стаїще,	тел.моб. +38097 3339910 Анна, +38098 6670707 Юра.			
?Туристичний комплекс Ski-хата.Поляниця/Буковель/.Відпочинок в Карпатах.	78593, Івано-Франківська обл., Яремчанська міська рада, с.Поляниця,урочище Вишня,	тел.моб. +38096 5342592, +38063 1898456			
?Відпочинковий комплекс Пiдгір'я.Поляниця/Буковель/.Відпочинок в Карпатах.	78593, Івано-Франківська обл., Яремчанська міська рада, с.Поляниця, урочище «Вишня» , тел. моб. +38096 2732268 Марта, +38097 8393495 Михаило.				
?Відпочинковий комплекс Villa Morishka.Поляниця/Буковель/.Відпочинок в Карпатах.	78593, Івано-Франківська обл., Яремчанська міська рада, с.Поляниця, вул. Стаіще,	тел. моб. +38067 3123246 Василь.			
?Відпочинковий комплекс Корона.Поляниця/Буковель/.Відпочинок в Карпатах.	78593, Івано-Франківська обл., Яремчанська міська рада, с.Поляниця, вул.Тернопільська 3-а,	тел.моб. +38050 4377046,+38050 980368 .			
?Відпочинковий комплекс Замок Бельведер.Поляниця/Буковель/.Відпочинок в Карпатах.	78593, Івано-Франківська обл., Яремчанська міська рада, с.Поляниця, вул.Карпатська 121 ,тел. (044) 3600286 - адміністрація,тел.моб. +38(094) 9247286, +38(050) 9496222 - дирекція				
?Відпочинковий комплекс Пiдгір'я.Поляниця/Буковель/.Відпочинок в Карпатах.	78593, Івано-Франківська обл., Яремчанська міська рада, с.Поляниця, урочище «Вишня» , тел. моб. +38096 2732268 Марта, +38097 8393495 Михаило.				
?Приватна садиба Шовкова косиця.Микуличин.	78590, Івано-Франківська обл., Яремчанська міська рада, с.Микуличин вул. Грушевського 37 ,	тел. +38(03434) 39289, 23166, тел. моб. +38(067) 6801198 Юрій Васильович.			
?Микуличин.Приватна садиба Черемшина.	78590, Івано-Франківська обл., с.Микуличин, вул.Грушевського 162, тел. +38(03434) 39779, тел. моб. +38(067) 9020294,+38(050)7470759 Галина.				
?Приватна садиба  Розмарин .Микуличин.	78590, Івано-Франківська обл., Яремчанська міська рада, с.Микуличин, вул. Грушевського, 79,	тел.моб. +38(097) 1524132,+38(066) 8842867 Євдокія Михайлівна.			
?Микуличин.Приватна садиба Петранько.	78590, Івано-Франківська обл., Яремчанська міська рада, с.Микуличин, вул.Данила Галицького 72, тел. +38(03434) 39192, тел. моб. +38(095)9458688, +38(097) 8035382  Марія. +38(067)3423912.				
?Микуличин.Приватна садиба Настуся .	78590, Івано-Франківська обл., с.Микуличин, вул. Г.Хоткевича 1, тел. моб. +38(097) 3317239 Наталія, +38(067) 8941926 Антон.				
?Микуличин.Приватна садиба Маргарита .	78590, Івано-Франківська обл., Яремчанська міська рада, с.Микуличин вул. Шевченка 50 , тел. +38(03434) 39337, тел. моб. +38(097) 6840965 Галина.				
?Приватна садиба Криївка .Микуличин.	78590, Івано-Франківська обл., Яремчанська міська рада, с.Микуличин, участок Горби 37-А, тел.моб +38(067) 2858845,тел. (03434)39440 .				
?Приватна садиба Жоржина .Микуличин.	78590, Івано-Франківська обл., Яремчанська міська рада, с.Микуличин, вул.Шевченко, 37-а, тел.моб. +38098 8807195 Іванна, +38097 8130916 Роман.				
?Микуличин.Приватна садиба Два соколи.	78590, Івано-Франківська обл., Яремчанська міська рада, с.Микуличин, вул.Шевченка, 25А,	тел.моб. +38097 3662024 Надія,+38095 1255029  Надія.			
?Микуличин.Приватна садиба Відпочинок у Кузьмича .	78590, Івано-Франківська обл., Яремчанська міська рада, с.Микуличин, вул.Грушевського 22, тел. +38(03434) 39421, тел. моб. +38(068)6237922 Марія Василівна.				
?Котеджі Аркан .Микуличин.	78590, Івано-Франківська обл., с. Микуличин, вул. Хоткевича, 4а, тел. моб.	+38 (097) 7901797 Наталя, тел.моб. +38(097) 2139243, тел. дом. (03434) 39596.			
?Приватна садиба Ангеліна.Микуличин.	78590, Івано-Франківська обл., Яремчанська міська рада, с.Микуличин, вул.Шевченка ,	тел. моб. +38(067) 7104192,+38(050)9186234  Люба, +38(067) 1756292 Ірина.			
?Котеджі  Черемош .Микуличин.	78590, Івано-Франківська обл., Яремчанська міська рада, с.Микуличин, участок «Фальчі», вул. 8 березня, 16,	тел.моб. +38(097) 3464135,  Наталія.			
?Микуличин.Котедж У Кузьмича .	78590, Івано-Франківська обл., Яремчанська міська рада, с.Микуличин, вул.Грушевського,  22, тел. +38(03434) 39421, тел.моб +38(068)6237922 Марія.				
?Котедж Сонячний .Микуличин.	Івано-Франківська обл., Яремчанська міська рада, с.Микуличин, вул.Ковпака, 53, тел.моб.+38068 1697432 , +38097 6714918 , +38098 7419140 Марія.				
?Котеджі  Прометей .Микуличин.	78590, Івано-Франківська обл., Яремчанська міська рада, с.Микуличин, вул.. Хоткевича, 51,	тел.моб. +38(097)6537027 Роман,+38(050)2236737 Роман, тел. дом. +38(03434) 39114.			
?Микуличин.Котедж  Маргарита .	78590, Івано-Франківська обл., Яремчанська міська рада, с.Микуличин, вул.Шевченко, 50, тел. (803434) 39337, тел.моб +38(097) 6840965 Галина.				
?Микуличин.Котедж Заїзд до Івана.	Івано-Франківська обл., Яремчанська міська рада, с.Микуличин, уч.Підліснів, тел.моб. +38050 5229125,+38067 6768440 Ольга, +38098 0363995 Іван. тел:+38(03434)39924. E-mail: ostaf-olga@ukr.net				
?Котедж Жоржина.Микуличин.	78590, Івано-Франківська обл., Яремчанська міська рада, с.Микуличин, вул.Шевченко, 37-а, тел.моб. +38098 8807195 Іванна, +38097 8130916 Роман.				
?Микуличин.Котедж Ірина .	"78590, Івано-Франківська обл., с.Микуличин,участок ""Підліснів"", вул.Грушевського 170,тел.дом. +38(03434)39954,  тел. моб. +38(097) 7417431  - Ірина."				
?Котедж Біля пасіки .Микуличин.	Івано-Франківська обл., Яремчанська міська рада, с.Микуличин, участок «Горби», тел.моб. +38(096) 5806865 , +38(097) 6745009.				
?Котедж  Бджілка .Микуличин.	78590, Івано-Франківська обл., Яремчанська міська рада, с.Микуличин, вул.Шевченка 27,	тел. моб. +38(098) 2534798 Мар’яна .			
?Микуличин.Котедж Алекс.	Івано-Франківська обл., Яремчанська міська рада, с.Микуличин, вул.Шевченка, тел.моб. +38067 7104192 Люба.+38050 9186234.				
?Микуличин.Котедж  Айстра .	"78590, Івано-Франківська обл., Яремчанська міська рада, с.Микуличин, участок ""Підстрім"", вул.Космонавтів 34А,"	тел.моб +38(096) 5092868 - Марія Василівна, +38 (067) 7062041 - Юрій Васильович.			
?Гостинний двір  Над річкою .Микуличин.	78590, Івано-Франківська обл., Яремчанська міська рада, с. Микуличин, вул. Грушевського, 79/в				
?Микуличин.Гостинний двір Затишний відпочинок .	78590, Івано-Франківська обл., Яремчанська міська рада, с.Микуличин вул. Грушевського 25 ,	тел. +38(03434) 39606, тел. моб. +38(067) 2788928 Богдан, +38(097) 8387254 Леся			
?Відпочинковий комплекс  Срібні роси.Микуличин.	78500, Івано-Франківська обл., Яремчанська міська рада, с.Микуличин, вул. Лаз 54.	тел.моб.+38(098)0685533,+38(063)0660404.тел.+38(03434)39317.			
?Відпочинковий комплекс Міленіум .Микуличин.	78500, Івано-Франківська обл.,Яремчанська міська рада.  с.Микуличин, вул.Грушевського, тел. моб. (+38097)7900999 Юрій,(+38097)7900988.				
?Готельно - відпочинковий комплекс  Зорі Карпат.Микуличин.	78590, І. Франківська обл., М. Яремче, с. Микуличин, вул. Грушевського 71,	тел. +38 (03434) 39889- рецепція, тел. Факс +38 (03434) 39889, тел. Моб. +38 (067) 3423120- рецепція.			
?Готельно - відпочинковий комплекс  Зорі Карпат.Микуличин.	78590, І. Франківська обл., М. Яремче, с. Микуличин, вул. Грушевського 71,	тел. +38 (03434) 39889- рецепція, тел. Факс +38 (03434) 39889, тел. Моб. +38 (067) 3423120- рецепція.			
?Ворохта. Фінська сауна з басейном Десятка	Івано-Франківська обл., Яремчанська міська рада, смт.Ворохта, вул.Говерлянська, 21, тел.моб. +38(067) 1541010 – адміністратор				
?Відпочинок в Карпатах.Ворохта.Ресторан Стара Ворохта.	Яремчанська міська рада, смт.Ворохта, вул.Д.Галицького 66, тел. +38(067) 5551005.				
?Ворохта.Ресторан АВТО-ГРИЛЬ Мисливець.Відпочинок в Карпатах.	Івано-Франківська обл., Яремчанська міська рада , смт.Ворохта, вул..Говерлянська, 21, тел.моб. +38(067) 1541010.				
?Приватна садиба У Васюти.Ворохта.Відпочинок в Карпатах.	78500, Івано-Франківська обл., Яремчанська міська рада, смт.Ворохта, вул.Миру 57-а,	тел. +38(03434) 41096, тел.моб. +38(097) 9241685 Васюта, +38(097) 9241684 Іван.			
?Ворохта.Приватна садиба Карпатська ВИШИВАНКА.	78500, Івано-Франківська обл., Яремчанська міська рада, смт.Ворохта, вул.Грушевського 15, тел.моб. +38(067) 8126258, +38(067) 8126259,+38(066) 6615044.				
?Відпочинок в Карпатах.Ворохта.Котедж Престиж.	78595, Івано-Франківська обл., Яремчанська міська рада, смт.Ворохта, вул. Данила Галицького,28в, тел.моб. +38(096)9177946-Марія Григорівна.				
?Котеджі Оксана.Ворохта. Відпочинок в Карпатах.	78595, Івано-Франківська обл.,Яремчанська міська рада, смт. Ворохта,	вул. Д.Галицького 29а/1 -(котедж 1),вул. Говерлянська 8а/1-(котедж 2)тел. моб.+38067 8127492.			
?Котедж Кичера.Ворохта. Відпочинок в Карпатах.	78595, Івано-Франківська обл.,Яремчанська міська рада, смт. Ворохта, вул. І.Франка 26,	тел. моб. +38(097) 7901541 - Володимир Юрієвич. тел. моб. +38(068) 6175294 - Ірина Дмитрівна.			
?Відпочинок в Карпатах.Ворохта.Котедж Лісова казка.	78595, Івано-Франківська обл., Яремчанська міська рада, смт.Ворохта, вул.Руднєва 31-а, тел.факс +38(03434) 41444, тел.моб. +38(098) 9869255 Ганна, +38(097) 5692656 Марія.				
?Котедж Затишок.Ворохта. Відпочинок в Карпатах.	78595, Івано-Франківська обл.,Яремчанська міська рада, смт. Ворохта, вул. І.Франка 26а,	тел. моб. +38(098) 7687743 - Юрій Юрієвич.			
?Котедж Говерлянка.Ворохта. Відпочинок в Карпатах.	78595, Івано-Франківська обл.,Яремчанська міська рада, смт. Ворохта, вул. Говерлянська 4а,	тел. моб. +38096 4686599.			
?Котедж Гірська хатина.Ворохта.Відпочинок в Карпатах.	Івано-Франківська обл., Яремчанська міська рада, смт. Ворохта, вул.Богдана Хмельницького, 44, тел.моб. +38 098 7878795 Андрій.				
?Гостинний двір Карпатська Ідилія.Ворохта.Відпочинок в Карпатах.	Івано-Франківська обл., Яремчанська міська рада, смт. Ворохта, вул.Лесі Українки, 33-а, тел.моб. +38 097 7901543 Юрій.				
?Вілла У Карпатах.Ворохта.Відпочинок в Карпатах.	78595, Івано-Франківська обл., Яремчанська міська рада, смт.Ворохта, вул. Грицулівка, 5, тел. +38(03434) 41983, тел.моб. +38(067) 2984396 Галина.				
?Готель Оберіг.Ворохта.Відпочинок в Карпатах.	78500, Івано-Франківська обл., Яремчанська міська рада, смт.Ворохта, вул.Б.Хмельницького 37, тел.моб. +38067 6780011, +38050 2505939.				
?Готель М.Ворохта.Відпочинок в Карпатах.	78500, Івано-Франківська обл., Яремчанська міська рада, смт.Ворохта, вул.Довбуша 5,	тел.моб. +38067 9087055, +3897 777730.			
?Готель Ворохта-МіМ.Ворохта.Відпочинок в Карпатах.	78500, Івано-Франківська обл., Яремчанська міська рада, смт.Ворохта, вул.Миру 57-а,	тел. +38(03434) 41096, тел.моб. +38(097) 2007000, +38(097) 9241685.			
?Відпочинковий комплекс Десятка .Ворохта.Відпочинок в Карпатах.	78500, Івано-Франківська обл., Яремчанська міська рада, смт.Ворохта, вул.Говерлянська, 21, тел.моб. +38(067)1541010 – адміністратор, ресторан.				
?Стоматологічний туризм.Клініка стоматології DЕНТАЛ СЕРВІС.Яремче./Яремча/.	78500 Івано-Франківська обл. м.Яремче,вул Свободи 264 (3-й поверх).	тел.моб.+38098 1146444 ,тел. +3803434 22258. email:dentservise@gmail.com			
?Яремче.Прокат велосипедів та туристичного спорядження VELO-TUR.Ціни 2016.	Івано-Франківська обл., м.Яремче вул.Грушевського 1 а. (на території автомийки)		тел.(+38096)8258909 &nbsp	&nbsp	еmail : reklamajar@ukr.net
?Яремче Таксі(Таксі Макс).Ціни 2016.	78500, Івано-Франківська обл. м.Яремче,радіо таксі Макс, тел.моб. +38066 5122792,+38098 5113262,+38063 4610605, тел. +3803434 21133.				
?Яремче/Яремча/.Руська баня на дровах Млака.	м. Яремче, вул. Грушевського, 8, тел. моб. +38067 7973536 Наталія.				
?Яремче/Яремча/.Руська баня на дровах Барви скелі.	м.Яремче, вул.Підскельна 26А, тел. (03434) 22092тел. моб. +38(096) 1605912 - Олександр.				
?Яремче/Яремча/.Руська баня на дровах Вершина.	м.Яремче, вул.Партизанська 57а, тел. +38(067)3592422, +38(063)8499658.				
?Яремче/Яремча/. Сауна Анничка	78500, Івано-Франківська обл.,м.Яремче, вул.Грушевського 36/1, тел. (803434) 22260, тел. моб. (8097) 4322356 Світлана.				
?Яремче/Яремча/. Руська баня  У Галини	Адреса:  м.Яремче, вул.Свободи 333, тел. +38(03434) 22241, тел. моб. +38(067) 9796345 Галина Аполлінаріївна.				
?Яремче/Яремча/.Ресторан Станіславський.	м.Яремче, вул.Петраша 5, тел. +38(050)3736535.				
?Яремче/Яремча/.Ресторан Рубель.	78500, Івано-Франківська обл., м.Яремче, вул.Свободи 361/1, тел.факс (03434)31341, (03434)31389, тел.моб (063)0407272, (068)5405454. Адміністратор.				
?Яремче./Яремча/.Ресторан Краєвид.	м.Яремче, вул.Свободы 300,	тел.моб.+38097 0695734-адміністратор (доставка піци).тел.03434 22462-бухгалтерія,03434 22297-кухня			
?Яремче/Яремча/. Ресторан Красна садиба.	78500, Івано-Франківська обл., м.Яремче, вул.Івасюка 6, тел. (803434) 22253, 21275,				
?Яремче/Яремча/.Кафе Колиба.	м.Яремче, вул.Свободи 278 в, тел. (803434) 21709.				
?Яремче.Хоспер-паб(ресторан) Зелений гай.Ціни 2016.	Івано-Франківська обл.,м.Яремче,вул. Свободи 327, тел.моб. +38096 4416165 , +38093 5150555..				
?Приватна садиба Ялинка.Яремче./Яремча/.	78500, Івано-Франківська обл., м.Яремче, вул.Свободи 349,	тел.моб.+38(067)1454414.			
?Яремче.Приватна садиба Щастя.Ціни 2016.	78500, Івано-Франківська обл., м.Яремче, вул.Федьковича 4-а,	тел.моб.+38066 8495359 Євгенія, +38098 6030364 Євгенія.			
?Яремче./Яремча/.Приватна садиба У сімї Старунчаків.	78500, Івано-Франківська обл., м.Яремче, вул.О.Тихого 30, тел.+38(03434) 22659,	тел.моб.+38(097) 2878463 Галина Василівна, +38(097) 4749773 Юрій Іванович.			
?Яремче.Приватна садиба У Любчика.Ціни 2016.	78500, Івано-Франківська обл., м.Яремче, вул.Петраша 16, тел. +38(03434)21673,тел.моб. +38097 2110671 - Любчик(замовлення котедж 1),+38099 3360883 Василь(замовлення котедж 2).				
?Яремче./Яремча/.Приватна садиба У Лакомських.	78500, Івано-Франківська обл., м.Яремче, вул.Лепкого 29 , тел.+38(03434) 22065,+38(03434) 23059, тел. моб. +38(067) 8940777 Ніна, +38(067) 9478781 Анна +38(063)8309458.				
?Приватна садиба У Галини.Яремче./Яремча/.	78500, Івано-Франківська обл., м.Яремче, вул.Свободи 333, тел. +38(03434) 22241, тел. моб. +38(067) 9796345 Галина Аполлінаріївна.				
?Яремче./Яремча/.Приватна садиба Слагора.	78500, Івано-Франківська обл., м. Яремче, вул.Лепкого 16,	тел.моб. +38(067) 3199680,Ярослав, +38(095)4888380.			
?Приватна садиба Румянок.Яремче./Яремча/.	78500, Івано-Франківська обл., м. Яремче, вул.Підскельна, 42-а, тел.моб. +38 050 6879792 Віталій, +38 067 4399286 Ірина.				
?Яремче./Яремча/.Приватна садиба Під Явором.	78500, Івано-Франківська обл., м.Яремче, вул. Довбуша, 8-а,	тел. +38(03434) 22576, тел.моб. +38(097) 8385324 Лідія.			
?Яремче.Приватна садиба Млака.Ціни 2016.	78500, Івано-Франківська обл., м.Яремче, вул.Грушевського 8 , тел.+38(03434) 22801, тел. моб.+38067 7973536, +38050 6832591,+38093 5461478  Наталія.				
?Яремче/Делятин/.Приватна садиба Магнат.	78442, Івано-Франківська обл., Надвірнянський р-н, смт.Делятин, вул.16 липня 186,тел.моб.	+38(098)5814261 Володимир,тел.моб. +38(097) 9005780. тел. +38(03475) 43821,+38(03475) 44352			
?Приватна садиба Лісовик.Яремче./Яремча/.	78500, Івано-Франківська обл., м.Яремче, вул.Вітовського 15А,	тел.моб.+38097 6703787 Наталія, +38098 3163928 Галина,+38097 7715181 Петро.			
?Приватна садиба Кліверент.Яремче./Яремча/.	78500, Івано-Франківська обл., Яремчанська міська рада, м.Яремче, вул.Партизанська 43,	+38(096)3931385 – Марія, +38(096)7312447 – Василь,+38(068)6492809 – Марія.			
?Приватна садиба Карпатська полонина.Яремче./Яремча/.	78500, Івано-Франківська обл., Яремчанська міська рада, м.Яремче, Багрівець, вул.Партизанська 48,	тел.+38(03434)21614, +38(097) 5114638, +38(099) 2888009 - Богдан, +38(0962732038 - Аня.			
?Приватна садиба Затишок у Потоці.Яремче.Відпочинок в Карпатах.	м.Яремче вул.Вершигори 28 А,	тел. моб. +38050 8032216,+38096 4484582,+38066 7881660. тел. +3803434 31295.			
?Яремче.Приватна садиба Жасмін.Ціни 2016.	78500, Івано-Франківська обл., м.Яремче, тел.моб.+38(096) 9507002 Марія, +38(097) 7097416 Мар'яна.				
?Яремче./Яремча/.Приватна садиба Еллада.	78500, Івано-Франківська обл., м. Яремче, вул.200-років Яремче 23,	тел.моб. +38(096) 5042927, +38(099) 0386447 Михайло,+38(098)9451968, тел.+38(03434)21246.			
?Яремче./Яремча/.Приватна садиба Добриня.	78500, Івано-Франківська обл., м.Яремче, вул.Федьковича, 5/1, тел. +38(03434) 22117, тел.моб +38(067) 2627099 Андрій, +38(096) 2374050 Тетяна.				
?Яремче./Яремча/.Приватна садиба Даринка.	78500, Івано-Франківська обл., м.Яремче, вул.Галицька 3, тел. +38(03434) 22631, тел.моб. +38(097) 4931936, +38(066) 4432089, +38(093) 8420369.				
?Яремче./Яремча/.Приватна садиба Гредіт.	78500, Івано-Франківська обл., м. Яремче, вул. Івасюка,  4-а, тел.моб. +38 (097) 5938885 Микола. тел. моб. +38 (097) 5938880, Оксана.				
?Яремче./Яремча/.Приватна садиба Гуцулочка.	78500, Івано-Франківська обл., м. Яремче, вул. Ковпака, 39, урочище «Толока» тел.дом. (03434) 22715, 22743, тел.моб. (067) 3901922,  Сергій, (067) 3377637, Орися.				
?Яремче./Яремча/.Приватна садиба Глянц.	78500, Івано-Франківська обл., м.Яремче, вул.Вітовського 8, тел. +38(03434) 21420, тел. моб. +38(095) 4913619, +38(098) 3995343 - Ірина.				
?Яремче./Яремча/.Приватна садиба Волошка карпатська.	78500, Івано-Франківська обл., м.Яремче, вул.Ковпака, 32-а,	тел.моб. +38095 7621251,+38097 7353667.			
?Яремче./Яремча/.Приватна садиба Вільшина.	78500, Івано-Франківська обл., м.Яремче, вул.С.Бандери 8,	тел.факс (03434) 21506, тел. моб. +38(067) 7178504 - Ігор.			
?Приватна садиба Біля лісу.Яремче/Делятин/	Івано-Франківська обл.,Яремче,мікрорайон Дора, вул.Лесі Українки 38Б,	тел. моб. +38(068)4237280,+38(050) 2024429 Любомир.			
?Приватна садиба Бабусин двір.Яремче./Яремча/.	78500, Івано-Франківська обл., м.Яремче, вул.Кармелюка 20,	тел.моб.+38(097)8667350, +38(099)9070558.			
?Яремче./Яремча/.Приватна садиба Аура Карпат.	78500, Івано-Франківська обл., м.Яремче, вул.Грушевського 36/2, тел. +38(03434) 21412, тел. моб. +38(067) 6631463 Наталка.				
?Приватна садиба Акація.Яремче./Яремча/.	78500, Івано-Франківська обл., м.Яремче, вул.Свободи 150,	тел.моб.+38(096)4635925 Наталія, +38(068)0508534.			
?Пансіонат  Джерело Яремче./Яремча/.	78500, Івано-Франківська обл., м.Яремче, вул.Свободи 392,	тел.моб. +38(097) 2139244 (Наталія), +38(097) 5008901 Василь Петрович,			
?Яремче./Яремча/.Котедж Чорногора.	78500, Івано-Франківська обл., м.Яремче, вул.Довбуша 35 а,	тел. +38(03434) 22047, тел. моб.+38(063)8240171,+38(095)8070896, +38(067) 8030470 Ірина,+38(063)8240170, +38(067) 9224562 Ярослав.			
?Яремче.Котедж Щасливий.Ціни 2016.	78500, Івано-Франківська обл., м.Яремче, вул.Галицька 9. тел.моб  +38(097)0701231  Роман,+38(067)7535003 Світлана,+38(063)8002099.				
?Яремче.Котедж У Чубчика.Ціни 2016.	78500, Івано-Франківська обл. м.Яремче, вул.Литвина, 64, тел.моб. +38(067) 7568475 Вікторія, тел.дом. (03434) 22953.				
?Яремче./Яремча/.Котеджі У Мирона.	78500, Івано-Франківська обл., м. Яремче, вул., Свободи, 204, тел. моб. +38097 4632980, Мирон, +38067 4369743, Марія.				
?Котедж У Андрія.Яремче./Яремча/.	78500, Івано-Франківська обл., м.Яремче, вул.І.Мазепи, 55, тел.моб. +38067 3422047 Ярослав.				
?Яремче/Яремча/.Котедж Три берези.	78500, Івано-Франківська обл., м.Яремче, вул.Лепкого 15, тел. +38(03434) 22032, тел. моб.+38(063)4617868,+38(063)4616511, +38(067) 9033133 Яна, +38(097) 4561705 Сергій, +38(095) 0513319.				
?Котеджі Тис.Яремче./Яремча/.	78500, Івано-Франківська обл., м.Яремче, вул.Свободи, 278-а,	тел. +38(03434) 22169, тел. моб.  +38(067) 2769836 Олександр, +38(067) 2844834 Галина,+38(063) 4624599.			
?Котедж Сойка.Яремче./Яремча/.	78500, Івано-Франківська обл., м. Яремче, вул. Свободи, 331-б, тел.моб. +38(067) 3239555 Роман.				
?Яремче./Яремча/.Котедж Скарбниця.	78500, Івано-Франківська обл., м.Яремче, вул.Свободи 276	тел.моб +38(098)3809205 Мирослава.			
?Яремче/Яремча/.Котедж Ручай.	78500, Івано-Франківська обл., м.Яремче, вул.Довбуша 16а,	тел. +38(03434) 22352, тел.моб. +38(097) 5149322, +38(050) 5143790 Наталія.			
?Яремче.Котедж Руслана.Ціни 2016.	м.Яремче вул.Лесі Українки 2,	тел. моб. +38095 8250452  Руслана			
?Яремче./Яремча/.Котедж Писанка.	78500, Івано-Франківська обл., Яремчанська міська рада, м.Яремче, вул.Свободи 321 в.	тел.моб. +38067 3101925 Іванка.			
?Яремче./Яремча/.Котедж Панська хата.	78500, Івано-Франківська обл., м. Яремче, вул. Франка, 2, тел. моб. +38(050) 9401009 Лариса.				
?Яремче./Яремча/.Котедж Кривий брід.	78500, Івано-Франківська обл., м. Яремче, тел.моб.+38097 3140545 Алла,+38093 1564433 Анатолій.				
?Яремче./Яремча/.Котедж Country house.	78500, Івано-Франківська обл., м. Яремче, вул. І. Петраша, 13,	тел. дом. +38(0342) 773349,  тел. моб. +38(050) 3735639 Ліля Василівна.			
?Яремче./Яремча/.Котедж Незабудка.	78500, Івано-Франківська обл., м.Яремче, вул.Свободи 278-в,	тел. +38(03434) 23113, тел.моб. +38(067) 1650738 Надія Петрівна.			
?Котедж Ніка.Яремче./Яремча/.	78500, Івано-Франківська обл., м. Яремче, вул. І. Франка, 10/2,	тел. моб. +38(098) 2604888, +38(095) 5700868, Сергій, +38(095) 2604888, Мар’яна.			
?Котедж На Царині.Яремче.	78500, Івано-Франківська обл., м.Яремче, вул.Мічуріна 19,	тел.моб. +38(067) 9063495 - Василь, +38(067) 2994101 - Тетяна.			
?Яремче.Котеджі Настя.Ціни 2016.	78500, Івано-Франківська обл., м.Яремче,  вул.Івана Франка, 46,	тел.моб. +38 098 0098886 Іван, +38 099 0300067, +38 066 5388588 Людмила.			
?Яремче./Яремча/.Котедж Навпроти Маковиці.	78500, Івано-Франківська обл., м. Яремче, вул. Свободи, 125,	тел. моб. +38 (098) 9217001 Олександра, тел.моб. +38(096) 1027438 Андрій. (03434) 33658.			
?Яремче.Котедж Модрина.Ціни 2016.	м.Яремче вул.Лесі Українки 2,	тел.моб. +38096 7574521.+38099 0446007			
?Котеджі Лісова казка.Яремче./Яремча/.	78500, Івано-Франківська обл., м.Яремче, Ямна, вул. І.Франка 11, тел. +38(03434) 31248, тел. моб. +38(067) 4371422 Ірина, +38(067) 7366867 Василь.				
?Котедж Ластівка.Яремче./Яремча/.	78500, Івано-Франківська обл., м.Яремче, вул.Свободи 123 А,	Тел.моб. +38(067)9084215,+38(067)2913464.			
?Яремче./Яремча/.Котедж За рікою.	78500, Івано-Франківська обл., м.Яремче, Ямна, вул. Л.Українки 11 , тел. +38(03434) 31235, 31338, тел. моб. +38(097) 8126657 Андрій, +38(097) 6683787 Галина,+38(066) 8734102.				
?Котедж Затишне гніздечко.Яремче./Яремча/.	78500, Івано-Франківська обл., м.Яремче, вул.Вітовського,	тел. +38(03434) 21477, тел.моб.+38(063)4615929, +38(096) 3555173 - Юлія Олександрівна, +38(097) 2387684 - Василь Дмитрович.			
?Яремче/Яремча/.Котеджі Жонка.	78500, Івано-Франківська обл., м.Яремче, вул.Грушевського 24,	тел. +38(03434) 22502, тел. моб.+38(063)4610368, +38(067) 5947164 Михайло, +38(097) 2654808 Світлана.			
?Котедж Деревій.Яремче./Яремча/.	78500, Івано-Франківська обл., м.Яремче, вул.Стуса 14,	тел.моб. +38(067)9020693.			
?Яремче.Котедж Два гуцулики.Ціни 2016.	м.Яремче, вул.Стефаника, 17,тел.моб. +38097 2482844 Мирослава,+38097 2483347 Роман.				
?Яремче./Яремча/.Котеджі Гуцулочка GVM.	78500, Івано-Франківська обл., м.Яремче, вул.Свободи, 235, тел.моб +38(067) 6012360 Василь, тел. +38(03434) 22332.				
?Котедж Гірська роса.Яремче./Яремча/.	78500, Івано-Франківська обл., м.Яремче, вул.І.Франка 78А,	тел.моб.+38(097)9644585, +38(050)1508964.			
?Яремче/Яремча/.VIP котеджі Поляна кохання.	78500, Івано-Франківська обл., м.Яремче, вул.Свободи 367 б, тел.моб. +38(050) 9429848, +38(050)3798507 Леся Михайлівна.				
?Яремче./Яремча/.Котедж Вероніка.	78500, Івано-Франківська обл., Яремчанська міська рада, м.Яремче, мікрорайон «Ямна», вул. Свободи, 326-а,	тел.моб. +38(096) 4336507 Володимир, +38(098) 0841297 Віра.			
?Яремче./Яремча/.Котедж ВелКамінь.	78500, Івано-Франківська обл., м.Яремче,Ямна, вул.Грушевського 10-б, тел.моб +38(067) 5894836,+38(099) 3706115 Іван, +38 (096) 7419916 Роман.				
?Котедж В обіймах Карпат.Яремче./Яремча/.	78500, Івано-Франківська обл., м. Яремче, вул. Страчених 3,	тел.моб. +38067 9169399 пані Марія,тел.+3803434 22058.			
?Котедж Бойківська фамілія.Яремче.Відпочинок в Карпатах.	м.Яремче вул.Підскельна 27А(заїзд по вул.Руднева),	тел. моб. +38067 8931306 Ігор,+38066 5048035 Тетяна,+38063 4667250 Ігор.			
?Яремче./Яремча/.Садиба Бойківчанка.	78500, Івано-Франківська обл., м.Яремче, вул.Грушевського 22-б,	тел.моб. +38(067)9771426, тел. +38(03434) 21273.			
?Яремче.Еко-садиба Богівець.Ціни 2016.	Івано-Франківська обл., Надвірнянський р-н, смт.Делятин, участок Богівець, тел.моб. +38096 7450648.				
?Яремче.Котеджі Біля водоспаду.Ціни 2016.	м.Яремче, вул.Петраша, 20, тел.моб. +38098 9428540 Надія.				
?Котеджі Байка.Яремче./Яремча/.	78500, Івано-Франківська обл., Яремчанська міська рада, м.Яремче,	тел.моб.+38(063)4611277, +38(098) 7798709 Сергій, +38(096) 6657299 Леся.			
?Котедж Байбарак.Яремче./Яремча/.	78500, Івано-Франківська обл., м.Яремче, вул.Свободи  116,	Тел.моб. +38(097)9265711 Олег,+38(097)9487550.			
?Котедж Арсен.Яремче./Яремча/.	78500, Івано-Франківська обл., м.Яремче, вул.200-років Яремче 26,	тел.моб +38(050)7587565 Валерія ,тел +38(03434)21479			
?Котеджі Анюта.Яремче.Відпочинок в Карпатах.	м.Яремче вул.Свободи 64,	тел. моб. +38098 7722342 Павло,+38068 6211262 Мирослава.			
?Котедж Анничка.Яремче./Яремча/.	78500, Івано-Франківська обл., м.Яремче, вул. Грушевського 36/1,	тел. +38(03434) 22260, тел.моб.+38(097) 4322356 Світлана, +38(067) 7879709 Віталій.			
?Яремче./Яремча/.Котедж Анастасія.	78500, Івано-Франківська обл., Яремчанська міська рада, м.Яремче, вул.Ковпака 32.				
?Яремче./Яремча/.Котедж Акорди плеса.	78500 Івано-Франківська обл. , м. Яремче, вул. Свободи 213»А»,тел. +38(03434)2-13-57		тел.моб.+38(063)0615959,+38(066)0451640, +38(067)4279583 Ірина , +38(067)7929531 Василь		
?Яремче.Котедж Аделіс.Ціни 2016.	78500, Івано-Франківська обл., м.Яремче, вул.Довбуша, 16-а, тел.моб. +38097 5149322, +38050 5143790 Наталія.				
?Яремче./Яремча/.Гостинний двір Яблучко.	78500, Івано-Франківська обл., м.Яремче, вул.Федьковича, 7-б, тел. +3803434 21433, тел.моб. +38067 7323319 Оксана,+38099 2374060 Оксана.				
?Яремче./Яремча/.Гостинний двір Шафран.	78500, Івано-Франківська обл., м.Яремче, вул.Свободи, 242-б,	тел. моб. +38(097) 2645710 Петро Дмитрович, +38(097) 7460687 Марія Василівна.			
?Яремче./Яремча/.Гостинний двір У Мар'яни і Назара	78500, Івано-Франківська обл., м. Яремче, вул. Підскельна,тел.(03434)21525,  тел.моб:+38(097)0466667.				
?Яремче./Яремча/.Гостинний двір Cиньогора.	78500, Івано-Франківська обл., м. Яремче, вул.С.Бендери, 4,	тел.моб. +38(067) 3427447 Микола, +38(067) 7912566 Наталія.			
?Гостиний двір Олександра.Яремче./Яремча/.	78500, Івано-Франківська обл., Яремчанська міська рада, м.Яремче, вул.Грушевського, б,	тел.моб.+38(063)4621021, +38(067) 9831157  Олександра.			
?Яремче./Яремча/.Гостинний двір Оберіг.	78500, Івано-Франківська обл., м.Яремче, вул.Б.Лепкого, 19-а, тел.моб. +38(097) 2875099, +38(050) 3380366 Степан, Лариса.				
?Гостиннний двір Меланія.Яремче./Яремча/.	78500, Івано-Франківська обл., м.Яремче, вул.Камянка 48,	тел.моб.+38098 7017167, +38097 8006483.			
?Яремче/Яремча/.Апартаменти Мандри.	78500, Івано-Франківська обл., м.Яремче, вул.Курортна,1,	тел. +38067 3440681 , +3803434 22648 .			
?Яремче./Яремча/.Гостинний двір Красна садиба.	78500, Івано-Франківська обл., м.Яремче, вул.Івасюка 6,тел.моб. +38095 3015040, тел. +38(03434) 22253, 21275.				
?Яремче./Яремча/.Гостинний двір Золота Перлина.	78500, Івано-Франківська обл., м. Яремче, вул.Гірська, 43, тел.  тел.моб. +38(097) 2917905 Ольга Миколаєвна, +38(097) 3837658 Роман.				
?Гостиний двір Гуцульська хата.Яремче./Яремча/.	78500, Івано-Франківська обл., м. Яремче, вул.Свободи, 133/1,	тел.моб. +38(067) 9502874 Сергій, +38(097) 5776965 Наталія.			
?Яремче/Яремча/.Гостинний двір Груник.	78500, Івано-Франківська обл., м. Яремче, вул. Петраша (Дачна) 56-б,	тел. +38(050) 9382875,(098)3271750 Андрій	  +38(050) 9776773 Павлина		
?Гостинний двір Візит.Яремче/Делятин/.	Івано-Франківська обл., Надвірнянський р-н., смт.Делятин, вул.Галана, 33,  тел.моб. +38 067 1760208 Марія, +38 0671785025 Дмитро, +38 066 7894657.				
?Яремче/Яремча/.Гостинний двір Ватра.	78500, Івано-Франківська обл., м.Яремче, вул. І.Петраша 34-а,	тел.моб.+38(067) 3427757 Василь Васильович, +38(067) 1530570 Ганна Григорівна.			
?Яремче./Яремча/.Гостинний двір Буркут.	78500, Івано-Франківська обл., м. Яремче,  вул., Богдана Хмельницького, 4,	тел. моб. +38(096) 2123119, Володимир.			
?Яремче/Яремча/.Гостинний двір Боярський.	78500, Івано-Франківська обл., м.Яремче, вул. Прикарпатська 17-а,	тел. +38(03434) 33578, тел. моб. +38(097) 7072243 Марія.			
?Яремче./Яремча/.Гостинний двір Арман.	78500, Івано-Франківська обл., м.Яремче, вул.Довбуша 88, тел.+38(03434) 22364,	тел.моб. +38(067) 2744452 Ігор, +38(067) 9465768 Юля.			
?Готель Оберіг.Ворохта.Відпочинок в Карпатах.	78500, Івано-Франківська обл., Яремчанська міська рада, смт.Ворохта, вул.Б.Хмельницького 37, тел.моб. +38067 6780011, +38050 2505939.				
?Яремче./Яремча/.Готель Явір.	78500, Івано-Франківська обл., м. Яремче, вул. Свободи 367 б, тел. дом. (03434) 21206, тел. моб. (067) 9023595 Віра Теодорівна.				
?Яремче./Яремча/.Готель Станіславський.	78500, Івано-Франківська обл., м.Яремче, вул.Петраша, 5,	тел.+38(03434) 23033, тел. +38(050) 3736535.			
?Міні-готель Respekt(Респект).Яремче./Яремча/.	78500, Івано-Франківська обл., м.Яремче, с.Микуличин, вул.Рівня, тел.моб. +38 097 7075095 Петро.				
?Яремче/Яремча/.Готель Радіола.	"78500, Івано-Франківська обл., м.Яремче, вул.Свободи 363 ""Д"" , тел.факс +38(03434)21630, тел. моб. +38(095) 6308099 ,+38(098) 7982341- Анна Василівна."				
?Готель Краса Карпат.Яремче./Яремча/.	Івано-Франківська обл., м.Яремче, вул.Свободи, 331-в, тел. +38 03434 21333, тел.моб. +38 067 7284788.				
?Яремче./Яремча/.Клуб-готель Яремче.	78500, Івано-Франківська обл., м.Яремче, вул.Петраша 6,  тел. +38(03434) 22238.				
?Яремче/Яремча/.База відпочинку Горгани.	78500, Івано-Франківська обл., м.Яремче, вул.Свободи 269,	тел.+38(03434) 22427, 22639,тел.моб. +38067 1720676 Павло,+38067 3464497 адміністратор.			
?Яремче./Яремча/.Готель Ведмежа гора Resort.	78500, Івано-Франківська обл., м.Яремче, вул.Грушевського, 29, тел. +38 03434 21484 тел.моб.+38(093)8388841, +38098 3715152 - рецепція.				
?Готель Білий явір.Яремче./Яремча/.	78500, Івано-Франківська обл., м. Яремче, вул. Свободи 367 а,	тел. (03434) 21671, +38(097)9831456, +38(095)3998595 - Адміністратор.			
?Яремче./Яремча/.Відпочинковий комплекс Краєвид.	78500, Івано-Франківська обл., м.Яремче,вул.Б.Хмельницького,8, тел.моб.+38(063)2517743, +38(050) 4011115 Олександр,+38(098)0074050, +38(095)9292852 - Рита.				
?Villa На стежці Довбуша.Яремче./Яремча/.	78500, Івано-Франківська обл., м. Яремче, вул.Свободи, 349/4,	тел. +38 (050) 5498323 Неля, +38(095) 5547337 Alex (english)			
?Вілла VIP-клас.Яремче./Яремча/.	78500, Івано-Франківська обл., Яремчанська міська рада, м.Яремче, вул.Свободи,	223-а, тел.моб. +38(067) 9361182 Лариса.			
?Вілла Вершина.Яремче./Яремча/.	78500, Івано-Франківська обл., м.Яремче, вул.Партизанська 57,	моб. +38(063)8499658 Дмитро,+38(097)6296245	 ел. скринька: mail@vershina.com.ua		
?Й	78500, Івано-Франківська обл., м.Яремче, вул.Л.Українки 2 , тел. моб.+38(067)3822809	 +38(097)2655729	тел.+38(044)3326326.		
?Відпочинковий комплекс Софія.Яремче./Яремча/.	"78500, Івано-Франківська обл., м.Яремче, вул.Г.Хоткевича 12""Б"", тел.факс  +38(03434) 22222, тел.моб +38(067)3436269,+38(050) 3735252 e-mail :   sofia.yaremche@list.ru"				
?Яремче./Яремча/.Готельно-ресторанний комплекс Рубель.	78500, Івано-Франківська обл., м.Яремче, вул.Свободи 361/1, тел.факс +38(03434)31341, +38(03434)31389,тел.моб +38(063)0407272.				
?Відпочинковий комплекс Під скалою.Яремче./Яремча/.	78500, Івано-Франківська обл., м.Яремче, вул.Підскельна 38,	тел.(+3803434) 22367, тел.моб. (+38097) 3805951.			
?Яремче./Яремча/.Відпочинковий комплекс О'Шале.	78500, Івано-Франківська обл., м. Яремче, вул.Хоткевича, 5-а,	тел.моб.+38(067)9037570,тел.+38(03434)22193			
?Яремче./Яремча/.Відпочинковий комплекс Краєвид.	78500, Івано-Франківська обл., м.Яремче,вул.Б.Хмельницького,8, тел.моб.+38(063)2517743, +38(050) 4011115 Олександр,+38(098)0074050, +38(095)9292852 - Рита.				
?Яремче./Яремча/.Відпочинковий комплекс НЕБОКРАЙ.	78500, Івано-Франківська обл., м.Яремче, вул.Галицька, 68/1, тел. +38(03434) 22899, тел.моб +38(098) 6555888, +38(066) 5151888, +38(093) 8332342.  e-mail : nebokray.karpaty@mail.ru				
?Відпочинковий комплекс Водограй.Яремче./Яремча/.	78500, Івано-Франківська обл., м. Яремче, вул. Свободи, 367, тел. +38(03434) 21203,	тел.факс +38(03434) 21623 тел.моб. +38(098) 4506512 адміністратор.+38 (066)0873555.			
?Яремче./Яремча/.Відпочинковий комплекс Ведмежа гора.	78500, Івано-Франківська обл., м.Яремче, вул.Грушевського, 29, тел.моб.+38(093)8388841, +38(098)3715152(адміністратор), тел. (+3803434) 21484 – рецепція.				
?Яремче.Відпочинковий комплекс Берізка.Ціни 2016.	78500, Івано-Франківська обл., м. Яремче, вул. Свободи, 232,	тел.моб. +38097 8620530 Олеся,+38095 1469355 Олеся, +38097 0057245 адміністратор.			
?Яремче.Котедж Аделіс.Ціни 2016.	78500, Івано-Франківська обл., м.Яремче, вул.Довбуша, 16-а, тел.моб. +38097 5149322, +38050 5143790 Наталія.				
?Котеджі Тис.Яремче./Яремча/.	78500, Івано-Франківська обл., м.Яремче, вул.Свободи, 278-а,	тел. +38(03434) 22169, тел. моб.  +38(067) 2769836 Олександр, +38(067) 2844834 Галина,+38(063) 4624599.			
?Яремче.Еко-садиба Богівець.Ціни 2016.	Івано-Франківська обл., Надвірнянський р-н, смт.Делятин, участок Богівець, тел.моб. +38096 7450648.				
